Workbook

Sheet КП
I2: ООО "ИТ Взлёт", ИНН 7716960580 КПП 771501001, ОГРН 1217700471735
E3: 127282, г. Москва, Чермянский проезд, д. 7
I4: info@itvzlet.ru
A7: Коммерческое предложение
H9: Дата | I9: =TODAY() -> 46252
A10: № | B10: Наименование товара | E10: Кол-во | F10: Ед. изм. | G10: Цена за ед. | H10: Сумма | I10: Срок поставки
A11: 1 | B11: ='Бюджетирование'!D7 | E11: ='Бюджетирование'!E7 | F11: шт. | G11: ='Бюджетирование'!K7 -> 1.1 | H11: ='Бюджетирование'!M7 -> 1.1 | I11: 10-12 недель
A12: 2 | B12: ='Бюджетирование'!D8 | E12: ='Бюджетирование'!E8 | F12: шт. | G12: ='Бюджетирование'!K8 -> 1.1 | H12: ='Бюджетирование'!M8 -> 1.1
A13: 3 | B13: ='Бюджетирование'!D9 | E13: ='Бюджетирование'!E9 | F13: шт. | G13: ='Бюджетирование'!K9 -> 1.1 | H13: ='Бюджетирование'!M9 -> 1.1
A14: 4 | B14: ='Бюджетирование'!D10 | E14: ='Бюджетирование'!E10 | F14: шт. | G14: ='Бюджетирование'!K10 -> 1.1 | H14: ='Бюджетирование'!M10 -> 1.1
G16: Без НДС: | H16: ='Бюджетирование'!L4 -> 0
G17: НДС 22%: | H17: ='Бюджетирование'!K4 -> 0
G18: Итого, в руб., с НДС: | H18: ='Бюджетирование'!M4 -> 0 | I18: *
A20: Условия доставки: | C20: до | D20: склада Заказчика
A21: Срок действия КП: | C21: до | D21: =TODAY()+2 -> 46254
A23: *Цены действительны при покупке всего перечня товаров
A28: Генеральный директор | I28: Оленин В. О.
